[{ "Codigo": "AU", "Pais": "Australia" }, { "Codigo": "CN", "Pais": "China" }, { "Codigo": "JP", "Pais": "Japan" }, { "Codigo": "TH", "Pais": "Thailand" }, { "Codigo": "IN", "Pais": "India" }, { "Codigo": "MY", "Pais": "Malaysia" }, { "Codigo": "KR", "Pais": "Kore" }, { "Codigo": "HK", "Pais": "Hong Kong" }, { "Codigo": "TW", "Pais": "Taiwan" }, { "Codigo": "PH", "Pais": "Philippines" }, { "Codigo": "VN", "Pais": "Vietnam" }, { "Codigo": "FR", "Pais": "France" }, { "Codigo": "EU", "Pais": "Europe" }, { "Codigo": "DE", "Pais": "Germany" }, { "Codigo": "SE", "Pais": "Sweden" }, { "Codigo": "IT", "Pais": "Italy" }, { "Codigo": "GR", "Pais": "Greece" }, { "Codigo": "ES", "Pais": "Spain" }, { "Codigo": "AT", "Pais": "Austria" }, { "Codigo": "GB", "Pais": "United Kingdom" }, { "Codigo": "NL", "Pais": "Netherlands" }, { "Codigo": "BE", "Pais": "Belgium" }, { "Codigo": "CH", "Pais": "Switzerland" }, { "Codigo": "AE", "Pais": "United Arab Emirates" }, { "Codigo": "IL", "Pais": "Israel" }, { "Codigo": "UA", "Pais": "Ukraine" }, { "Codigo": "RU", "Pais": "Russian Federation" }, { "Codigo": "KZ", "Pais": "Kazakhstan" }, { "Codigo": "PT", "Pais": "Portugal" }, { "Codigo": "SA", "Pais": "Saudi Arabia" }, { "Codigo": "DK", "Pais": "Denmark" }, { "Codigo": "IR", "Pais": "Ira" }, { "Codigo": "NO", "Pais": "Norway" }, { "Codigo": "US", "Pais": "United States" }, { "Codigo": "MX", "Pais": "Mexico" }, { "Codigo": "CA", "Pais": "Canada" }, { "Codigo": "A1", "Pais": "Anonymous Proxy" }, { "Codigo": "SY", "Pais": "Syrian Arab Republic" }, { "Codigo": "CY", "Pais": "Cyprus" }, { "Codigo": "CZ", "Pais": "Czech Republic" }, { "Codigo": "IQ", "Pais": "Iraq" }, { "Codigo": "TR", "Pais": "Turkey" }, { "Codigo": "RO", "Pais": "Romania" }, { "Codigo": "LB", "Pais": "Lebanon" }, { "Codigo": "HU", "Pais": "Hungary" }, { "Codigo": "GE", "Pais": "Georgia" }, { "Codigo": "BR", "Pais": "Brazil" }, { "Codigo": "AZ", "Pais": "Azerbaijan" }, { "Codigo": "A2", "Pais": "Satellite Provider" }, { "Codigo": "PS", "Pais": "Palestinian Territory" }, { "Codigo": "LT", "Pais": "Lithuania" }, { "Codigo": "OM", "Pais": "Oman" }, { "Codigo": "SK", "Pais": "Slovakia" }, { "Codigo": "RS", "Pais": "Serbia" }, { "Codigo": "FI", "Pais": "Finland" }, { "Codigo": "IS", "Pais": "Iceland" }, { "Codigo": "BG", "Pais": "Bulgaria" }, { "Codigo": "SI", "Pais": "Slovenia" }, { "Codigo": "MD", "Pais": "Moldov" }, { "Codigo": "MK", "Pais": "Macedonia" }, { "Codigo": "LI", "Pais": "Liechtenstein" }, { "Codigo": "JE", "Pais": "Jersey" }, { "Codigo": "PL", "Pais": "Poland" }, { "Codigo": "HR", "Pais": "Croatia" }, { "Codigo": "BA", "Pais": "Bosnia and Herzegovina" }, { "Codigo": "EE", "Pais": "Estonia" }, { "Codigo": "LV", "Pais": "Latvia" }, { "Codigo": "JO", "Pais": "Jordan" }, { "Codigo": "KG", "Pais": "Kyrgyzstan" }, { "Codigo": "RE", "Pais": "Reunion" }, { "Codigo": "IE", "Pais": "Ireland" }, { "Codigo": "LY", "Pais": "Libya" }, { "Codigo": "LU", "Pais": "Luxembourg" }, { "Codigo": "AM", "Pais": "Armenia" }, { "Codigo": "VG", "Pais": "Virgin Island" }, { "Codigo": "YE", "Pais": "Yemen" }, { "Codigo": "BY", "Pais": "Belarus" }, { "Codigo": "GI", "Pais": "Gibraltar" }, { "Codigo": "MQ", "Pais": "Martinique" }, { "Codigo": "PA", "Pais": "Panama" }, { "Codigo": "DO", "Pais": "Dominican Republic" }, { "Codigo": "GU", "Pais": "Guam" }, { "Codigo": "PR", "Pais": "Puerto Rico" }, { "Codigo": "VI", "Pais": "Virgin Island" }, { "Codigo": "MN", "Pais": "Mongolia" }, { "Codigo": "NZ", "Pais": "New Zealand" }, { "Codigo": "SG", "Pais": "Singapore" }, { "Codigo": "ID", "Pais": "Indonesia" }, { "Codigo": "NP", "Pais": "Nepal" }, { "Codigo": "PG", "Pais": "Papua New Guinea" }, { "Codigo": "PK", "Pais": "Pakistan" }, { "Codigo": "AP", "Pais": "Asia\/Pacific Region" }, { "Codigo": "BS", "Pais": "Bahamas" }, { "Codigo": "LC", "Pais": "Saint Lucia" }, { "Codigo": "AR", "Pais": "Argentina" }, { "Codigo": "BD", "Pais": "Bangladesh" }, { "Codigo": "TK", "Pais": "Tokelau" }, { "Codigo": "KH", "Pais": "Cambodia" }, { "Codigo": "MO", "Pais": "Macau" }, { "Codigo": "MV", "Pais": "Maldives" }, { "Codigo": "AF", "Pais": "Afghanistan" }, { "Codigo": "NC", "Pais": "New Caledonia" }, { "Codigo": "FJ", "Pais": "Fiji" }, { "Codigo": "WF", "Pais": "Wallis and Futuna" }, { "Codigo": "QA", "Pais": "Qatar" }, { "Codigo": "AL", "Pais": "Albania" }, { "Codigo": "BZ", "Pais": "Belize" }, { "Codigo": "UZ", "Pais": "Uzbekistan" }, { "Codigo": "KW", "Pais": "Kuwait" }, { "Codigo": "ME", "Pais": "Montenegro" }, { "Codigo": "PE", "Pais": "Peru" }, { "Codigo": "BM", "Pais": "Bermuda" }, { "Codigo": "CW", "Pais": "Curacao" }, { "Codigo": "CO", "Pais": "Colombia" }, { "Codigo": "VE", "Pais": "Venezuela" }, { "Codigo": "CL", "Pais": "Chile" }, { "Codigo": "EC", "Pais": "Ecuador" }, { "Codigo": "ZA", "Pais": "South Africa" }, { "Codigo": "IM", "Pais": "Isle of Man" }, { "Codigo": "BO", "Pais": "Bolivia" }, { "Codigo": "GG", "Pais": "Guernsey" }, { "Codigo": "MT", "Pais": "Malta" }, { "Codigo": "TJ", "Pais": "Tajikistan" }, { "Codigo": "SC", "Pais": "Seychelles" }, { "Codigo": "BH", "Pais": "Bahrain" }, { "Codigo": "EG", "Pais": "Egypt" }, { "Codigo": "ZW", "Pais": "Zimbabwe" }, { "Codigo": "LR", "Pais": "Liberia" }, { "Codigo": "KE", "Pais": "Kenya" }, { "Codigo": "GH", "Pais": "Ghana" }, { "Codigo": "NG", "Pais": "Nigeria" }, { "Codigo": "TZ", "Pais": "Tanzani" }, { "Codigo": "ZM", "Pais": "Zambia" }, { "Codigo": "MG", "Pais": "Madagascar" }, { "Codigo": "AO", "Pais": "Angola" }, { "Codigo": "NA", "Pais": "Namibia" }, { "Codigo": "CI", "Pais": "Cote D'Ivoire" }, { "Codigo": "SD", "Pais": "Sudan" }, { "Codigo": "CM", "Pais": "Cameroon" }, { "Codigo": "MW", "Pais": "Malawi" }, { "Codigo": "GA", "Pais": "Gabon" }, { "Codigo": "ML", "Pais": "Mali" }, { "Codigo": "BJ", "Pais": "Benin" }, { "Codigo": "TD", "Pais": "Chad" }, { "Codigo": "BW", "Pais": "Botswana" }, { "Codigo": "CV", "Pais": "Cape Verde" }, { "Codigo": "RW", "Pais": "Rwanda" }, { "Codigo": "CG", "Pais": "Congo" }, { "Codigo": "UG", "Pais": "Uganda" }, { "Codigo": "MZ", "Pais": "Mozambique" }, { "Codigo": "GM", "Pais": "Gambia" }, { "Codigo": "LS", "Pais": "Lesotho" }, { "Codigo": "MU", "Pais": "Mauritius" }, { "Codigo": "MA", "Pais": "Morocco" }, { "Codigo": "DZ", "Pais": "Algeria" }, { "Codigo": "GN", "Pais": "Guinea" }, { "Codigo": "CD", "Pais": "Cong" }, { "Codigo": "SZ", "Pais": "Swaziland" }, { "Codigo": "BF", "Pais": "Burkina Faso" }, { "Codigo": "SL", "Pais": "Sierra Leone" }, { "Codigo": "SO", "Pais": "Somalia" }, { "Codigo": "NE", "Pais": "Niger" }, { "Codigo": "CF", "Pais": "Central African Republic" }, { "Codigo": "TG", "Pais": "Togo" }, { "Codigo": "BI", "Pais": "Burundi" }, { "Codigo": "GQ", "Pais": "Equatorial Guinea" }, { "Codigo": "SS", "Pais": "South Sudan" }, { "Codigo": "SN", "Pais": "Senegal" }, { "Codigo": "MR", "Pais": "Mauritania" }, { "Codigo": "DJ", "Pais": "Djibouti" }, { "Codigo": "KM", "Pais": "Comoros" }, { "Codigo": "IO", "Pais": "British Indian Ocean Territory" }, { "Codigo": "TN", "Pais": "Tunisia" }, { "Codigo": "GL", "Pais": "Greenland" }, { "Codigo": "VA", "Pais": "Holy See (Vatican City State)" }, { "Codigo": "CR", "Pais": "Costa Rica" }, { "Codigo": "KY", "Pais": "Cayman Islands" }, { "Codigo": "JM", "Pais": "Jamaica" }, { "Codigo": "GT", "Pais": "Guatemala" }, { "Codigo": "MH", "Pais": "Marshall Islands" }, { "Codigo": "AQ", "Pais": "Antarctica" }, { "Codigo": "BB", "Pais": "Barbados" }, { "Codigo": "AW", "Pais": "Aruba" }, { "Codigo": "MC", "Pais": "Monaco" }, { "Codigo": "AI", "Pais": "Anguilla" }, { "Codigo": "KN", "Pais": "Saint Kitts and Nevis" }, { "Codigo": "GD", "Pais": "Grenada" }, { "Codigo": "PY", "Pais": "Paraguay" }, { "Codigo": "MS", "Pais": "Montserrat" }, { "Codigo": "TC", "Pais": "Turks and Caicos Islands" }, { "Codigo": "AG", "Pais": "Antigua and Barbuda" }, { "Codigo": "TV", "Pais": "Tuvalu" }, { "Codigo": "PF", "Pais": "French Polynesia" }, { "Codigo": "SB", "Pais": "Solomon Islands" }, { "Codigo": "VU", "Pais": "Vanuatu" }, { "Codigo": "ER", "Pais": "Eritrea" }, { "Codigo": "TT", "Pais": "Trinidad and Tobago" }, { "Codigo": "AD", "Pais": "Andorra" }, { "Codigo": "HT", "Pais": "Haiti" }, { "Codigo": "SH", "Pais": "Saint Helena" }, { "Codigo": "FM", "Pais": "Micronesi" }, { "Codigo": "SV", "Pais": "El Salvador" }, { "Codigo": "HN", "Pais": "Honduras" }, { "Codigo": "UY", "Pais": "Uruguay" }, { "Codigo": "LK", "Pais": "Sri Lanka" }, { "Codigo": "EH", "Pais": "Western Sahara" }, { "Codigo": "CX", "Pais": "Christmas Island" }, { "Codigo": "WS", "Pais": "Samoa" }, { "Codigo": "SR", "Pais": "Suriname" }, { "Codigo": "CK", "Pais": "Cook Islands" }, { "Codigo": "KI", "Pais": "Kiribati" }, { "Codigo": "NU", "Pais": "Niue" }, { "Codigo": "TO", "Pais": "Tonga" }, { "Codigo": "TF", "Pais": "French Southern Territories" }, { "Codigo": "YT", "Pais": "Mayotte" }, { "Codigo": "NF", "Pais": "Norfolk Island" }, { "Codigo": "BN", "Pais": "Brunei Darussalam" }, { "Codigo": "TM", "Pais": "Turkmenistan" }, { "Codigo": "PN", "Pais": "Pitcairn Islands" }, { "Codigo": "SM", "Pais": "San Marino" }, { "Codigo": "AX", "Pais": "Aland Islands" }, { "Codigo": "FO", "Pais": "Faroe Islands" }, { "Codigo": "SJ", "Pais": "Svalbard and Jan Mayen" }, { "Codigo": "CC", "Pais": "Cocos (Keeling) Islands" }, { "Codigo": "NR", "Pais": "Nauru" }, { "Codigo": "GS", "Pais": "South Georgia and the South Sandwich Islands" }, { "Codigo": "UM", "Pais": "United States Minor Outlying Islands" }, { "Codigo": "GW", "Pais": "Guinea-Bissau" }, { "Codigo": "PW", "Pais": "Palau" }, { "Codigo": "AS", "Pais": "American Samoa" }, { "Codigo": "BT", "Pais": "Bhutan" }, { "Codigo": "GF", "Pais": "French Guiana" }, { "Codigo": "GP", "Pais": "Guadeloupe" }, { "Codigo": "MF", "Pais": "Saint Martin" }, { "Codigo": "VC", "Pais": "Saint Vincent and the Grenadines" }, { "Codigo": "PM", "Pais": "Saint Pierre and Miquelon" }, { "Codigo": "BL", "Pais": "Saint Barthelemy" }, { "Codigo": "DM", "Pais": "Dominica" }, { "Codigo": "ST", "Pais": "Sao Tome and Principe" }, { "Codigo": "KP", "Pais": "Kore" }, { "Codigo": "FK", "Pais": "Falkland Islands (Malvinas)" }, { "Codigo": "MP", "Pais": "Northern Mariana Islands" }, { "Codigo": "TL", "Pais": "Timor-Leste" }, { "Codigo": "BQ", "Pais": "Bonair" }, { "Codigo": "MM", "Pais": "Myanmar" }, { "Codigo": "NI", "Pais": "Nicaragua" }, { "Codigo": "SX", "Pais": "Sint Maarten (Dutch part)" }, { "Codigo": "GY", "Pais": "Guyana" }, { "Codigo": "LA", "Pais": "Lao People's Democratic Republic" }, { "Codigo": "CU", "Pais": "Cuba" }, { "Codigo": "ET", "Pais": "Ethiopia" }]